{
    "epoch": [
        1,
        2,
        3,
        4,
        5,
        6,
        7,
        8,
        9,
        10,
        11,
        12,
        13,
        14,
        15,
        16,
        17,
        18,
        19,
        20
    ],
    "loss": [
        4.024268810496186,
        1.92858529948827,
        1.0174672122706065,
        0.6386401197223952,
        0.420983290638436,
        0.28894069342112,
        0.2067396354466451,
        0.14463358216523897,
        0.09976646689359438,
        0.08746981147366266,
        0.0712709633076112,
        0.05635627618087738,
        0.055261856096683805,
        0.029406010554256765,
        0.02567908454996844,
        0.019998230338167174,
        0.018542726213733356,
        0.03147947575515983,
        0.04125914209395309,
        0.027581155238404983
    ],
    "accuracy": [
        28.65795724465558,
        70.22565320665083,
        82.48218527315915,
        88.36104513064133,
        92.43467933491686,
        95.07125890736341,
        96.5083135391924,
        97.99287410926365,
        98.77672209026129,
        98.87173396674584,
        99.18052256532067,
        99.35866983372921,
        99.33491686460808,
        99.85748218527316,
        99.89311163895486,
        99.90498812351544,
        99.91686460807601,
        99.69121140142518,
        99.60807600950119,
        99.77434679334917
    ]
}